--
-- PostgreSQL database dump
--

-- Dumped from database version 17.0
-- Dumped by pg_dump version 17.0

SET statement_timeout = 0;
SET lock_timeout = 0;
SET idle_in_transaction_session_timeout = 0;
SET transaction_timeout = 0;
SET client_encoding = 'UTF8';
SET standard_conforming_strings = on;
SELECT pg_catalog.set_config('search_path', '', false);
SET check_function_bodies = false;
SET xmloption = content;
SET client_min_messages = warning;
SET row_security = off;

ALTER TABLE IF EXISTS ONLY public.pedido DROP CONSTRAINT IF EXISTS pedido_fk_id_camion_fkey;
ALTER TABLE IF EXISTS ONLY public.pedido DROP CONSTRAINT IF EXISTS pedido_fk_cuit_cliente_fkey;
ALTER TABLE IF EXISTS ONLY public.proyecto_modificado DROP CONSTRAINT IF EXISTS fk_proyecto_mod_users;
ALTER TABLE IF EXISTS ONLY public.pedido DROP CONSTRAINT IF EXISTS fk_pedido_users;
ALTER TABLE IF EXISTS ONLY public.configuracion_modificada DROP CONSTRAINT IF EXISTS fk_config_modificada_camion;
ALTER TABLE IF EXISTS ONLY public.camion_configuracion DROP CONSTRAINT IF EXISTS fk_config_camion;
ALTER TABLE IF EXISTS ONLY public.carroceria_modificada DROP CONSTRAINT IF EXISTS carroceria_modificada_fk_proyecto_modificado_id_fkey;
ALTER TABLE IF EXISTS ONLY public.carroceria DROP CONSTRAINT IF EXISTS carroceria_fk_id_pedido_fkey;
ALTER TABLE IF EXISTS ONLY public.camion_modificado DROP CONSTRAINT IF EXISTS camion_modificado_fk_proyecto_modificado_id_fkey;
ALTER TABLE IF EXISTS ONLY public.calculos_modificado DROP CONSTRAINT IF EXISTS calculos_modificado_fk_proyecto_modificado_id_fkey;
ALTER TABLE IF EXISTS ONLY public.calculos DROP CONSTRAINT IF EXISTS calculos_fk_id_pedido_fkey;
ALTER TABLE IF EXISTS ONLY public.accesorio DROP CONSTRAINT IF EXISTS accesorio_fk_id_tipo_accesorio_fkey;
ALTER TABLE IF EXISTS ONLY public.accesorio DROP CONSTRAINT IF EXISTS accesorio_fk_id_carroceria_fkey;
ALTER TABLE IF EXISTS ONLY public.users DROP CONSTRAINT IF EXISTS users_pkey;
ALTER TABLE IF EXISTS ONLY public.users DROP CONSTRAINT IF EXISTS users_email_key;
ALTER TABLE IF EXISTS ONLY public.camion DROP CONSTRAINT IF EXISTS uq_camion_marca_modelo_ano;
ALTER TABLE IF EXISTS ONLY public.tipo_accesorio DROP CONSTRAINT IF EXISTS tipo_accesorio_pkey;
ALTER TABLE IF EXISTS ONLY public.tipo_accesorio DROP CONSTRAINT IF EXISTS tipo_accesorio_nombre_key;
ALTER TABLE IF EXISTS ONLY public.proyecto_modificado DROP CONSTRAINT IF EXISTS proyecto_modificado_pkey;
ALTER TABLE IF EXISTS ONLY public.pedido DROP CONSTRAINT IF EXISTS pedido_pkey;
ALTER TABLE IF EXISTS ONLY public.configuracion_modificada DROP CONSTRAINT IF EXISTS configuracion_modificada_pkey;
ALTER TABLE IF EXISTS ONLY public.cliente DROP CONSTRAINT IF EXISTS cliente_pkey;
ALTER TABLE IF EXISTS ONLY public.carroceria DROP CONSTRAINT IF EXISTS carroceria_pkey;
ALTER TABLE IF EXISTS ONLY public.carroceria_modificada DROP CONSTRAINT IF EXISTS carroceria_modificada_pkey;
ALTER TABLE IF EXISTS ONLY public.carroceria DROP CONSTRAINT IF EXISTS carroceria_fk_id_pedido_key;
ALTER TABLE IF EXISTS ONLY public.camion DROP CONSTRAINT IF EXISTS camion_pkey;
ALTER TABLE IF EXISTS ONLY public.camion_modificado DROP CONSTRAINT IF EXISTS camion_modificado_pkey;
ALTER TABLE IF EXISTS ONLY public.camion_configuracion DROP CONSTRAINT IF EXISTS camion_configuracion_pkey;
ALTER TABLE IF EXISTS ONLY public.calculos DROP CONSTRAINT IF EXISTS calculos_pkey;
ALTER TABLE IF EXISTS ONLY public.calculos_modificado DROP CONSTRAINT IF EXISTS calculos_modificado_pkey;
ALTER TABLE IF EXISTS ONLY public.calculos DROP CONSTRAINT IF EXISTS calculos_fk_id_pedido_key;
ALTER TABLE IF EXISTS ONLY public.accesorio DROP CONSTRAINT IF EXISTS accesorio_pkey;
ALTER TABLE IF EXISTS public.tipo_accesorio ALTER COLUMN id DROP DEFAULT;
ALTER TABLE IF EXISTS public.proyecto_modificado ALTER COLUMN id DROP DEFAULT;
ALTER TABLE IF EXISTS public.pedido ALTER COLUMN id DROP DEFAULT;
ALTER TABLE IF EXISTS public.configuracion_modificada ALTER COLUMN id DROP DEFAULT;
ALTER TABLE IF EXISTS public.carroceria_modificada ALTER COLUMN id DROP DEFAULT;
ALTER TABLE IF EXISTS public.carroceria ALTER COLUMN id DROP DEFAULT;
ALTER TABLE IF EXISTS public.camion_modificado ALTER COLUMN id DROP DEFAULT;
ALTER TABLE IF EXISTS public.camion_configuracion ALTER COLUMN id DROP DEFAULT;
ALTER TABLE IF EXISTS public.camion ALTER COLUMN id DROP DEFAULT;
ALTER TABLE IF EXISTS public.calculos_modificado ALTER COLUMN id DROP DEFAULT;
ALTER TABLE IF EXISTS public.calculos ALTER COLUMN id DROP DEFAULT;
ALTER TABLE IF EXISTS public.accesorio ALTER COLUMN id DROP DEFAULT;
DROP TABLE IF EXISTS public.users;
DROP SEQUENCE IF EXISTS public.tipo_accesorio_id_seq;
DROP TABLE IF EXISTS public.tipo_accesorio;
DROP SEQUENCE IF EXISTS public.proyecto_modificado_id_seq;
DROP TABLE IF EXISTS public.proyecto_modificado;
DROP SEQUENCE IF EXISTS public.pedido_id_seq;
DROP TABLE IF EXISTS public.pedido;
DROP SEQUENCE IF EXISTS public.configuracion_modificada_id_seq;
DROP TABLE IF EXISTS public.configuracion_modificada;
DROP TABLE IF EXISTS public.cliente;
DROP SEQUENCE IF EXISTS public.carroceria_modificada_id_seq;
DROP TABLE IF EXISTS public.carroceria_modificada;
DROP SEQUENCE IF EXISTS public.carroceria_id_seq;
DROP TABLE IF EXISTS public.carroceria;
DROP SEQUENCE IF EXISTS public.camion_modificado_id_seq;
DROP TABLE IF EXISTS public.camion_modificado;
DROP SEQUENCE IF EXISTS public.camion_id_seq;
DROP SEQUENCE IF EXISTS public.camion_configuracion_id_seq;
DROP TABLE IF EXISTS public.camion_configuracion;
DROP TABLE IF EXISTS public.camion;
DROP SEQUENCE IF EXISTS public.calculos_modificado_id_seq;
DROP TABLE IF EXISTS public.calculos_modificado;
DROP SEQUENCE IF EXISTS public.calculos_id_seq;
DROP TABLE IF EXISTS public.calculos;
DROP SEQUENCE IF EXISTS public.accesorio_id_seq;
DROP TABLE IF EXISTS public.accesorio;
SET default_tablespace = '';

SET default_table_access_method = heap;

--
-- Name: accesorio; Type: TABLE; Schema: public; Owner: -
--

CREATE TABLE public.accesorio (
    id integer NOT NULL,
    fk_id_carroceria integer NOT NULL,
    fk_id_tipo_accesorio integer NOT NULL,
    cantidad integer DEFAULT 1,
    marca character varying(100),
    modelo character varying(100)
);


--
-- Name: accesorio_id_seq; Type: SEQUENCE; Schema: public; Owner: -
--

CREATE SEQUENCE public.accesorio_id_seq
    AS integer
    START WITH 1
    INCREMENT BY 1
    NO MINVALUE
    NO MAXVALUE
    CACHE 1;


--
-- Name: accesorio_id_seq; Type: SEQUENCE OWNED BY; Schema: public; Owner: -
--

ALTER SEQUENCE public.accesorio_id_seq OWNED BY public.accesorio.id;


--
-- Name: calculos; Type: TABLE; Schema: public; Owner: -
--

CREATE TABLE public.calculos (
    id integer NOT NULL,
    fk_id_pedido integer NOT NULL,
    resultado_peso_bruto_total_maximo numeric NOT NULL,
    resultado_carga_eje_delantero_calculada numeric NOT NULL,
    resultado_carga_eje_trasero_calculada numeric NOT NULL,
    resultado_porcentaje_carga_eje_delantero numeric(5,2) NOT NULL,
    resultado_modificacion_chasis character varying(255) NOT NULL,
    resultado_voladizo_trasero_calculado numeric NOT NULL,
    resultado_largo_final_camion numeric,
    verificacion_distribucion_carga_ok boolean NOT NULL,
    verificacion_voladizo_trasero_ok boolean NOT NULL,
    recomendaciones text[],
    resultado_desplazamiento_eje numeric,
    resultado_nueva_distancia_entre_ejes numeric,
    resultado_centro_carga_carroceria numeric,
    resultado_centro_carga_total numeric,
    resultado_carga_maxima_eje_delantero numeric,
    resultado_carga_maxima_eje_trasero numeric,
    resultado_carga_total_calculada numeric
);


--
-- Name: calculos_id_seq; Type: SEQUENCE; Schema: public; Owner: -
--

CREATE SEQUENCE public.calculos_id_seq
    AS integer
    START WITH 1
    INCREMENT BY 1
    NO MINVALUE
    NO MAXVALUE
    CACHE 1;


--
-- Name: calculos_id_seq; Type: SEQUENCE OWNED BY; Schema: public; Owner: -
--

ALTER SEQUENCE public.calculos_id_seq OWNED BY public.calculos.id;


--
-- Name: calculos_modificado; Type: TABLE; Schema: public; Owner: -
--

CREATE TABLE public.calculos_modificado (
    id integer NOT NULL,
    fk_proyecto_modificado_id integer,
    resultado_peso_bruto_total_maximo numeric,
    resultado_carga_maxima_eje_delantero numeric,
    resultado_carga_maxima_eje_trasero numeric,
    resultado_carga_total_calculada numeric,
    resultado_carga_eje_delantero_calculada numeric,
    resultado_carga_eje_trasero_calculada numeric,
    resultado_porcentaje_carga_eje_delantero numeric,
    resultado_modificacion_chasis character varying(100),
    resultado_voladizo_trasero_calculado numeric,
    resultado_largo_final_camion numeric,
    resultado_centro_carga_total numeric,
    resultado_centro_carga_carroceria numeric,
    resultado_nueva_distancia_entre_ejes numeric,
    resultado_desplazamiento_eje numeric,
    verificacion_distribucion_carga_ok boolean,
    verificacion_voladizo_trasero_ok boolean,
    recomendaciones text[]
);


--
-- Name: calculos_modificado_id_seq; Type: SEQUENCE; Schema: public; Owner: -
--

CREATE SEQUENCE public.calculos_modificado_id_seq
    AS integer
    START WITH 1
    INCREMENT BY 1
    NO MINVALUE
    NO MAXVALUE
    CACHE 1;


--
-- Name: calculos_modificado_id_seq; Type: SEQUENCE OWNED BY; Schema: public; Owner: -
--

ALTER SEQUENCE public.calculos_modificado_id_seq OWNED BY public.calculos_modificado.id;


--
-- Name: camion; Type: TABLE; Schema: public; Owner: -
--

CREATE TABLE public.camion (
    id integer NOT NULL,
    marca_camion character varying(100) NOT NULL,
    modelo_camion character varying(100) NOT NULL,
    ano_camion character varying(10),
    estado_verificacion character varying(20) DEFAULT 'pendiente'::character varying,
    tipo_camion character varying(20)
);


--
-- Name: camion_configuracion; Type: TABLE; Schema: public; Owner: -
--

CREATE TABLE public.camion_configuracion (
    id integer NOT NULL,
    distancia_entre_ejes numeric NOT NULL,
    distancia_primer_eje_espalda_cabina numeric NOT NULL,
    voladizo_delantero numeric NOT NULL,
    voladizo_trasero numeric NOT NULL,
    peso_eje_delantero numeric NOT NULL,
    peso_eje_trasero numeric NOT NULL,
    pbt numeric NOT NULL,
    original boolean DEFAULT true,
    es_modificado boolean DEFAULT false,
    fk_id_camion integer,
    ancho_chasis_1 integer NOT NULL,
    ancho_chasis_2 integer
);


--
-- Name: camion_configuracion_id_seq; Type: SEQUENCE; Schema: public; Owner: -
--

CREATE SEQUENCE public.camion_configuracion_id_seq
    AS integer
    START WITH 1
    INCREMENT BY 1
    NO MINVALUE
    NO MAXVALUE
    CACHE 1;


--
-- Name: camion_configuracion_id_seq; Type: SEQUENCE OWNED BY; Schema: public; Owner: -
--

ALTER SEQUENCE public.camion_configuracion_id_seq OWNED BY public.camion_configuracion.id;


--
-- Name: camion_id_seq; Type: SEQUENCE; Schema: public; Owner: -
--

CREATE SEQUENCE public.camion_id_seq
    AS integer
    START WITH 1
    INCREMENT BY 1
    NO MINVALUE
    NO MAXVALUE
    CACHE 1;


--
-- Name: camion_id_seq; Type: SEQUENCE OWNED BY; Schema: public; Owner: -
--

ALTER SEQUENCE public.camion_id_seq OWNED BY public.camion.id;


--
-- Name: camion_modificado; Type: TABLE; Schema: public; Owner: -
--

CREATE TABLE public.camion_modificado (
    id integer NOT NULL,
    fk_proyecto_modificado_id integer,
    marca_camion character varying(100),
    modelo_camion character varying(100),
    ano_camion character varying(10),
    tipo_camion character varying(10)
);


--
-- Name: camion_modificado_id_seq; Type: SEQUENCE; Schema: public; Owner: -
--

CREATE SEQUENCE public.camion_modificado_id_seq
    AS integer
    START WITH 1
    INCREMENT BY 1
    NO MINVALUE
    NO MAXVALUE
    CACHE 1;


--
-- Name: camion_modificado_id_seq; Type: SEQUENCE OWNED BY; Schema: public; Owner: -
--

ALTER SEQUENCE public.camion_modificado_id_seq OWNED BY public.camion_modificado.id;


--
-- Name: carroceria; Type: TABLE; Schema: public; Owner: -
--

CREATE TABLE public.carroceria (
    id integer NOT NULL,
    fk_id_pedido integer NOT NULL,
    tipo_carroceria character varying(50) NOT NULL,
    largo_carroceria numeric NOT NULL,
    alto_carroceria numeric NOT NULL,
    ancho_carroceria numeric NOT NULL,
    equipo_frio_marca_modelo character varying(255),
    observaciones text,
    separacion_cabina_carroceria integer NOT NULL
);


--
-- Name: carroceria_id_seq; Type: SEQUENCE; Schema: public; Owner: -
--

CREATE SEQUENCE public.carroceria_id_seq
    AS integer
    START WITH 1
    INCREMENT BY 1
    NO MINVALUE
    NO MAXVALUE
    CACHE 1;


--
-- Name: carroceria_id_seq; Type: SEQUENCE OWNED BY; Schema: public; Owner: -
--

ALTER SEQUENCE public.carroceria_id_seq OWNED BY public.carroceria.id;


--
-- Name: carroceria_modificada; Type: TABLE; Schema: public; Owner: -
--

CREATE TABLE public.carroceria_modificada (
    id integer NOT NULL,
    fk_proyecto_modificado_id integer,
    tipo_carroceria character varying(50),
    largo_carroceria numeric,
    alto_carroceria numeric,
    ancho_carroceria numeric,
    separacion_cabina_carroceria numeric,
    equipo_frio_marca_modelo character varying(100)
);


--
-- Name: carroceria_modificada_id_seq; Type: SEQUENCE; Schema: public; Owner: -
--

CREATE SEQUENCE public.carroceria_modificada_id_seq
    AS integer
    START WITH 1
    INCREMENT BY 1
    NO MINVALUE
    NO MAXVALUE
    CACHE 1;


--
-- Name: carroceria_modificada_id_seq; Type: SEQUENCE OWNED BY; Schema: public; Owner: -
--

ALTER SEQUENCE public.carroceria_modificada_id_seq OWNED BY public.carroceria_modificada.id;


--
-- Name: cliente; Type: TABLE; Schema: public; Owner: -
--

CREATE TABLE public.cliente (
    cuit bigint NOT NULL,
    razon_social character varying(255) NOT NULL
);


--
-- Name: configuracion_modificada; Type: TABLE; Schema: public; Owner: -
--

CREATE TABLE public.configuracion_modificada (
    id integer NOT NULL,
    distancia_entre_ejes numeric,
    distancia_primer_eje_espalda_cabina numeric,
    voladizo_delantero numeric,
    voladizo_trasero numeric,
    peso_eje_delantero numeric,
    peso_eje_trasero numeric,
    pbt numeric,
    fk_id_camion_modificado integer,
    ancho_chasis_1 integer NOT NULL,
    ancho_chasis_2 integer
);


--
-- Name: configuracion_modificada_id_seq; Type: SEQUENCE; Schema: public; Owner: -
--

CREATE SEQUENCE public.configuracion_modificada_id_seq
    AS integer
    START WITH 1
    INCREMENT BY 1
    NO MINVALUE
    NO MAXVALUE
    CACHE 1;


--
-- Name: configuracion_modificada_id_seq; Type: SEQUENCE OWNED BY; Schema: public; Owner: -
--

ALTER SEQUENCE public.configuracion_modificada_id_seq OWNED BY public.configuracion_modificada.id;


--
-- Name: pedido; Type: TABLE; Schema: public; Owner: -
--

CREATE TABLE public.pedido (
    id integer NOT NULL,
    fk_id_camion integer NOT NULL,
    fk_cuit_cliente bigint NOT NULL,
    estado character varying(50) DEFAULT 'borrador'::character varying NOT NULL,
    fecha_pedido date DEFAULT CURRENT_DATE NOT NULL,
    fecha_entrega date,
    observaciones text,
    fk_id_usuario character varying
);


--
-- Name: pedido_id_seq; Type: SEQUENCE; Schema: public; Owner: -
--

CREATE SEQUENCE public.pedido_id_seq
    AS integer
    START WITH 1
    INCREMENT BY 1
    NO MINVALUE
    NO MAXVALUE
    CACHE 1;


--
-- Name: pedido_id_seq; Type: SEQUENCE OWNED BY; Schema: public; Owner: -
--

ALTER SEQUENCE public.pedido_id_seq OWNED BY public.pedido.id;


--
-- Name: proyecto_modificado; Type: TABLE; Schema: public; Owner: -
--

CREATE TABLE public.proyecto_modificado (
    id integer NOT NULL,
    fk_cuit_cliente numeric,
    cliente_razon_social character varying(255),
    estado_proyecto character varying(50) DEFAULT 'Guardado'::character varying,
    created_at timestamp without time zone DEFAULT CURRENT_TIMESTAMP,
    fecha_entrega date,
    fk_id_usuario character varying
);


--
-- Name: proyecto_modificado_id_seq; Type: SEQUENCE; Schema: public; Owner: -
--

CREATE SEQUENCE public.proyecto_modificado_id_seq
    AS integer
    START WITH 1
    INCREMENT BY 1
    NO MINVALUE
    NO MAXVALUE
    CACHE 1;


--
-- Name: proyecto_modificado_id_seq; Type: SEQUENCE OWNED BY; Schema: public; Owner: -
--

ALTER SEQUENCE public.proyecto_modificado_id_seq OWNED BY public.proyecto_modificado.id;


--
-- Name: tipo_accesorio; Type: TABLE; Schema: public; Owner: -
--

CREATE TABLE public.tipo_accesorio (
    id integer NOT NULL,
    nombre character varying(100) NOT NULL
);


--
-- Name: tipo_accesorio_id_seq; Type: SEQUENCE; Schema: public; Owner: -
--

CREATE SEQUENCE public.tipo_accesorio_id_seq
    AS integer
    START WITH 1
    INCREMENT BY 1
    NO MINVALUE
    NO MAXVALUE
    CACHE 1;


--
-- Name: tipo_accesorio_id_seq; Type: SEQUENCE OWNED BY; Schema: public; Owner: -
--

ALTER SEQUENCE public.tipo_accesorio_id_seq OWNED BY public.tipo_accesorio.id;


--
-- Name: users; Type: TABLE; Schema: public; Owner: -
--

CREATE TABLE public.users (
    dni character varying(20) NOT NULL,
    nombre character varying(100) NOT NULL,
    email character varying(100) NOT NULL,
    password_hash character varying(255) NOT NULL,
    created_at timestamp without time zone DEFAULT now(),
    updated_at timestamp without time zone DEFAULT now(),
    rol character varying(50) DEFAULT 'vendedor'::character varying
);


--
-- Name: accesorio id; Type: DEFAULT; Schema: public; Owner: -
--

ALTER TABLE ONLY public.accesorio ALTER COLUMN id SET DEFAULT nextval('public.accesorio_id_seq'::regclass);


--
-- Name: calculos id; Type: DEFAULT; Schema: public; Owner: -
--

ALTER TABLE ONLY public.calculos ALTER COLUMN id SET DEFAULT nextval('public.calculos_id_seq'::regclass);


--
-- Name: calculos_modificado id; Type: DEFAULT; Schema: public; Owner: -
--

ALTER TABLE ONLY public.calculos_modificado ALTER COLUMN id SET DEFAULT nextval('public.calculos_modificado_id_seq'::regclass);


--
-- Name: camion id; Type: DEFAULT; Schema: public; Owner: -
--

ALTER TABLE ONLY public.camion ALTER COLUMN id SET DEFAULT nextval('public.camion_id_seq'::regclass);


--
-- Name: camion_configuracion id; Type: DEFAULT; Schema: public; Owner: -
--

ALTER TABLE ONLY public.camion_configuracion ALTER COLUMN id SET DEFAULT nextval('public.camion_configuracion_id_seq'::regclass);


--
-- Name: camion_modificado id; Type: DEFAULT; Schema: public; Owner: -
--

ALTER TABLE ONLY public.camion_modificado ALTER COLUMN id SET DEFAULT nextval('public.camion_modificado_id_seq'::regclass);


--
-- Name: carroceria id; Type: DEFAULT; Schema: public; Owner: -
--

ALTER TABLE ONLY public.carroceria ALTER COLUMN id SET DEFAULT nextval('public.carroceria_id_seq'::regclass);


--
-- Name: carroceria_modificada id; Type: DEFAULT; Schema: public; Owner: -
--

ALTER TABLE ONLY public.carroceria_modificada ALTER COLUMN id SET DEFAULT nextval('public.carroceria_modificada_id_seq'::regclass);


--
-- Name: configuracion_modificada id; Type: DEFAULT; Schema: public; Owner: -
--

ALTER TABLE ONLY public.configuracion_modificada ALTER COLUMN id SET DEFAULT nextval('public.configuracion_modificada_id_seq'::regclass);


--
-- Name: pedido id; Type: DEFAULT; Schema: public; Owner: -
--

ALTER TABLE ONLY public.pedido ALTER COLUMN id SET DEFAULT nextval('public.pedido_id_seq'::regclass);


--
-- Name: proyecto_modificado id; Type: DEFAULT; Schema: public; Owner: -
--

ALTER TABLE ONLY public.proyecto_modificado ALTER COLUMN id SET DEFAULT nextval('public.proyecto_modificado_id_seq'::regclass);


--
-- Name: tipo_accesorio id; Type: DEFAULT; Schema: public; Owner: -
--

ALTER TABLE ONLY public.tipo_accesorio ALTER COLUMN id SET DEFAULT nextval('public.tipo_accesorio_id_seq'::regclass);


--
-- Data for Name: accesorio; Type: TABLE DATA; Schema: public; Owner: -
--

COPY public.accesorio (id, fk_id_carroceria, fk_id_tipo_accesorio, cantidad, marca, modelo) FROM stdin;
\.


--
-- Data for Name: calculos; Type: TABLE DATA; Schema: public; Owner: -
--

COPY public.calculos (id, fk_id_pedido, resultado_peso_bruto_total_maximo, resultado_carga_eje_delantero_calculada, resultado_carga_eje_trasero_calculada, resultado_porcentaje_carga_eje_delantero, resultado_modificacion_chasis, resultado_voladizo_trasero_calculado, resultado_largo_final_camion, verificacion_distribucion_carga_ok, verificacion_voladizo_trasero_ok, recomendaciones, resultado_desplazamiento_eje, resultado_nueva_distancia_entre_ejes, resultado_centro_carga_carroceria, resultado_centro_carga_total, resultado_carga_maxima_eje_delantero, resultado_carga_maxima_eje_trasero, resultado_carga_total_calculada) FROM stdin;
1	1	16000	2160	7840	36.00	alargar 2350 mm el chasis	3450	8850	t	f	{"• Observaciones detectadas:","     - El voladizo trasero excede el máximo permitido en 1050 mm (actual: 3450 mm, máximo: 2400 mm).",-,"• Posibles soluciones:","     Opción 1: Desplazar el eje trasero 1357 mm hacia atrás para corregir el voladizo.","     Opción 2: alargar 2350 mm el chasis para corregir la longitud del chasis."}	\N	\N	\N	\N	\N	\N	\N
2	2	16000	2160	7840	36.00	alargar 2350 mm el chasis	3450	8850	t	f	{"• Observaciones detectadas:","     - El voladizo trasero excede el máximo permitido en 1050 mm (actual: 3450 mm, máximo: 2400 mm).",-,"• Posibles soluciones:","     Opción 1: Desplazar el eje trasero 1357 mm hacia atrás para corregir el voladizo.","     Opción 2: alargar 2350 mm el chasis para corregir la longitud del chasis."}	\N	\N	\N	\N	\N	\N	\N
3	3	16000	2160	7840	36.00	alargar 2350 mm el chasis	3450	8850	t	f	{"• Observaciones detectadas:","     - El voladizo trasero excede el máximo permitido en 1050 mm (actual: 3450 mm, máximo: 2400 mm).",-,"• Posibles soluciones:","     Opción 1: Desplazar el eje trasero 1357 mm hacia atrás para corregir el voladizo.","     Opción 2: alargar 2350 mm el chasis para corregir la longitud del chasis."}	\N	\N	\N	\N	\N	\N	\N
4	4	16500	1280	8833	28.24	Sin cambios	4708	10438	f	f	{test}	\N	\N	\N	\N	\N	\N	\N
5	5	16500	1440	8200	30.50	alargar 400 mm el chasis	4500	10700	t	t	{"El diseño cumple"}	\N	\N	\N	\N	\N	\N	\N
6	6	8300	-212	212	38.55	alargar 1580 mm el chasis	2730	7130	f	f	{"• Observaciones detectadas:","     - El voladizo trasero excede el máximo permitido en 870 mm (actual: 2730 mm, máximo: 1860 mm).","     - Distribución de carga fuera de norma: Distribución fuera de norma (38.6%). Debe estar entre 30% y 36%.",-,"• Posibles soluciones:","     Opción 1: Desplazar el eje trasero 3100 mm hacia adelante para corregir el voladizo.","     Opción 2: alargar 1580 mm el chasis para corregir la longitud del chasis."}	\N	\N	\N	\N	\N	\N	\N
7	7	8300	-212	212	38.55	alargar 2580 mm el chasis	3730	8130	f	f	{"• Observaciones detectadas:","     - El voladizo trasero excede el máximo permitido en 1870 mm (actual: 3730 mm, máximo: 1860 mm).","     - Distribución de carga fuera de norma: Distribución fuera de norma (38.6%). Debe estar entre 30% y 36%.",-,"• Posibles soluciones:","     Opción 1: Desplazar el eje trasero 3100 mm hacia adelante para corregir el voladizo.","     Opción 2: alargar 2580 mm el chasis para corregir la longitud del chasis."}	-3100	0	3830	657200	\N	\N	\N
8	8	8300	-1930.967741935484	1930.967741935484	15.29	alargar 2580 mm el chasis	3730	8130	f	f	{"{\\"texto\\":\\"Reducir el largo de la carrocería en 1870 mm.\\",\\"prioridad\\":1,\\"tipo\\":\\"reducir_largo_carroceria\\"}","{\\"texto\\":\\"Reducir la separación cabina-carrocería en 1870 mm.\\",\\"prioridad\\":1,\\"tipo\\":\\"ajustar_separacion\\"}","{\\"texto\\":\\"alargar 2580 mm el chasis para corregir la longitud del chasis.\\",\\"prioridad\\":2,\\"tipo\\":\\"modificar_chasis\\"}","{\\"texto\\":\\"Desplazar el eje trasero 2652 mm hacia atrás. Esto ajusta la distribución de carga al rango normativo sin exceder el voladizo máximo (18.7%).\\",\\"prioridad\\":2,\\"tipo\\":\\"desplazar_eje\\"}","{\\"texto\\":\\"Reducir el PBT a 4230 kg. Con el PBT actual (8300 kg), la carga en el eje delantero representa solo 15.3% (mínimo 30%). Un PBT menor aumenta el porcentaje relativo del peso delantero.\\",\\"prioridad\\":3,\\"tipo\\":\\"mayor_pbt\\"}","{\\"texto\\":\\"El eje delantero está sobrecargado en 1931 kg. El PBT es insuficiente para la configuración. Aumentar el PBT o seleccionar un camión con menor tara en el eje delantero.\\",\\"prioridad\\":3,\\"tipo\\":\\"mayor_pbt\\"}","{\\"texto\\":\\"El camión seleccionado no tiene capacidad suficiente para esta configuración. Considerar un modelo con mayor PBT o diferentes taras de eje.\\",\\"prioridad\\":3,\\"tipo\\":\\"mayor_pbt\\"}"}	2652.014652014652	5752.014652014652	3830	3830	\N	\N	\N
9	9	8300	-1930.967741935484	1930.967741935484	15.29	alargar 2580 mm el chasis	3730	8130	f	f	{"{\\"texto\\":\\"Reducir el largo de la carrocería en 1870 mm.\\",\\"prioridad\\":1,\\"tipo\\":\\"reducir_largo_carroceria\\"}","{\\"texto\\":\\"Reducir la separación cabina-carrocería en 1870 mm.\\",\\"prioridad\\":1,\\"tipo\\":\\"ajustar_separacion\\"}","{\\"texto\\":\\"alargar 2580 mm el chasis para corregir la longitud del chasis.\\",\\"prioridad\\":2,\\"tipo\\":\\"modificar_chasis\\"}","{\\"texto\\":\\"Desplazar el eje trasero 2652 mm hacia atrás. Esto ajusta la distribución de carga al rango normativo sin exceder el voladizo máximo (18.7%).\\",\\"prioridad\\":2,\\"tipo\\":\\"desplazar_eje\\"}","{\\"texto\\":\\"Reducir el PBT a 4230 kg. Con el PBT actual (8300 kg), la carga en el eje delantero representa solo 15.3% (mínimo 30%). Un PBT menor aumenta el porcentaje relativo del peso delantero.\\",\\"prioridad\\":3,\\"tipo\\":\\"mayor_pbt\\"}","{\\"texto\\":\\"El eje delantero está sobrecargado en 1931 kg. El PBT es insuficiente para la configuración. Aumentar el PBT o seleccionar un camión con menor tara en el eje delantero.\\",\\"prioridad\\":3,\\"tipo\\":\\"mayor_pbt\\"}","{\\"texto\\":\\"El camión seleccionado no tiene capacidad suficiente para esta configuración. Considerar un modelo con mayor PBT o diferentes taras de eje.\\",\\"prioridad\\":3,\\"tipo\\":\\"mayor_pbt\\"}"}	2652.014652014652	5752.014652014652	3830	3830	\N	\N	\N
10	10	8300	-1930.967741935484	1930.967741935484	15.29	alargar 2580 mm el chasis	3730	8130	f	f	{"{\\"texto\\":\\"Reducir el largo de la carrocería en 1870 mm.\\",\\"prioridad\\":1,\\"tipo\\":\\"reducir_largo_carroceria\\"}","{\\"texto\\":\\"Reducir la separación cabina-carrocería en 1870 mm.\\",\\"prioridad\\":1,\\"tipo\\":\\"ajustar_separacion\\"}","{\\"texto\\":\\"alargar 2580 mm el chasis para corregir la longitud del chasis.\\",\\"prioridad\\":2,\\"tipo\\":\\"modificar_chasis\\"}","{\\"texto\\":\\"Desplazar el eje trasero 2652 mm hacia atrás. Esto ajusta la distribución de carga al rango normativo sin exceder el voladizo máximo (18.7%).\\",\\"prioridad\\":2,\\"tipo\\":\\"desplazar_eje\\"}","{\\"texto\\":\\"Reducir el PBT a 4230 kg. Con el PBT actual (8300 kg), la carga en el eje delantero representa solo 15.3% (mínimo 30%). Un PBT menor aumenta el porcentaje relativo del peso delantero.\\",\\"prioridad\\":3,\\"tipo\\":\\"mayor_pbt\\"}","{\\"texto\\":\\"El eje delantero está sobrecargado en 1931 kg. El PBT es insuficiente para la configuración. Aumentar el PBT o seleccionar un camión con menor tara en el eje delantero.\\",\\"prioridad\\":3,\\"tipo\\":\\"mayor_pbt\\"}","{\\"texto\\":\\"El camión seleccionado no tiene capacidad suficiente para esta configuración. Considerar un modelo con mayor PBT o diferentes taras de eje.\\",\\"prioridad\\":3,\\"tipo\\":\\"mayor_pbt\\"}"}	2652.014652014652	5752.014652014652	3830	3830	\N	\N	\N
\.


--
-- Data for Name: calculos_modificado; Type: TABLE DATA; Schema: public; Owner: -
--

COPY public.calculos_modificado (id, fk_proyecto_modificado_id, resultado_peso_bruto_total_maximo, resultado_carga_maxima_eje_delantero, resultado_carga_maxima_eje_trasero, resultado_carga_total_calculada, resultado_carga_eje_delantero_calculada, resultado_carga_eje_trasero_calculada, resultado_porcentaje_carga_eje_delantero, resultado_modificacion_chasis, resultado_voladizo_trasero_calculado, resultado_largo_final_camion, resultado_centro_carga_total, resultado_centro_carga_carroceria, resultado_nueva_distancia_entre_ejes, resultado_desplazamiento_eje, verificacion_distribucion_carga_ok, verificacion_voladizo_trasero_ok, recomendaciones) FROM stdin;
2	2	16000	\N	\N	\N	2160	7840	36	Alargar 1200 mm (Confirmado en planta)	3450	8850	\N	\N	\N	\N	t	f	{"• Observaciones detectadas:","     - El voladizo trasero excede el máximo permitido en 1050 mm (actual: 3450 mm, máximo: 2400 mm).",-,"• Posibles soluciones:","     Opción 1: Desplazar el eje trasero 1357 mm hacia atrás para corregir el voladizo.","     Opción 2: alargar 2350 mm el chasis para corregir la longitud del chasis."}
1	1	16000	\N	\N	\N	2160	7840	36	alargar 2350 mm el chasis	3450	8850	\N	\N	\N	\N	t	f	{"• Observaciones detectadas:","     - El voladizo trasero excede el máximo permitido en 1050 mm (actual: 3450 mm, máximo: 2400 mm).",-,"• Posibles soluciones:","     Opción 1: Desplazar el eje trasero 1357 mm hacia atrás para corregir el voladizo.","     Opción 2: alargar 2350 mm el chasis para corregir la longitud del chasis.",ACTUALIZADO}
3	4	16500	\N	\N	\N	2453.0471166090592	7746.952883390941	36.079073433994296	alargar 803 mm el chasis	1953	8850	4175	4175	5487.757731958763	-9.242268041237367	f	t	{"{\\"texto\\":\\"Considerar cambiar a un camión 6x2. El 4x2 concentra más carga en el eje delantero (36.1%). El 6x2 distribuye más carga en los ejes traseros (25% en delantero).\\",\\"prioridad\\":3,\\"tipo\\":\\"cambiar_a_6x2\\"}","{\\"texto\\":\\"Reducir el PBT ingresado. Con el PBT actual, la carga en el eje delantero excede el máximo permitido (36.1% vs máximo 36%).\\",\\"prioridad\\":3,\\"tipo\\":\\"mayor_pbt\\"}"}
4	5	16500	\N	\N	\N	1912.5	8287.5	32.8030303030303	alargar 950 mm el chasis	2100	8300	3900	3900	5126.288659793814	326.2886597938141	t	t	{"{\\"texto\\":\\"Desplazar el eje trasero 326 mm hacia atrás. Esto ajusta la distribución de carga al rango normativo sin exceder el voladizo máximo (34.6%).\\",\\"prioridad\\":2,\\"tipo\\":\\"desplazar_eje\\"}"}
\.


--
-- Data for Name: camion; Type: TABLE DATA; Schema: public; Owner: -
--

COPY public.camion (id, marca_camion, modelo_camion, ano_camion, estado_verificacion, tipo_camion) FROM stdin;
1	Ford	Cargo 1722	2015	verificado	4x2
4	Ford	Cargo 1723	2015	pendiente	4x2
5	Mercedes	Acceto	2022	verificado	4x2
8	Scania	Test	2024	pendiente	4x2
9	Ford	Cargo	2023	pendiente	4x2
\.


--
-- Data for Name: camion_configuracion; Type: TABLE DATA; Schema: public; Owner: -
--

COPY public.camion_configuracion (id, distancia_entre_ejes, distancia_primer_eje_espalda_cabina, voladizo_delantero, voladizo_trasero, peso_eje_delantero, peso_eje_trasero, pbt, original, es_modificado, fk_id_camion, ancho_chasis_1, ancho_chasis_2) FROM stdin;
1	4000	800	1400	1100	3600	2400	16000	t	f	1	850	\N
2	4000	800	1400	1100	3600	2400	16000	t	f	\N	850	\N
3	4000	800	1400	1100	3600	2400	16000	t	f	\N	850	\N
4	4000	800	1400	1100	3600	2400	16000	t	f	1	850	\N
5	4000	800	1400	1100	3600	2400	16000	t	f	1	850	\N
6	3000	800	1400	1100	3600	2400	16000	t	f	4	850	\N
7	3100	750	1300	1150	3200	5100	8300	t	f	5	854	70
10	4350	858	1380	1100	4000	1727	16500	t	f	8	850	\N
11	4800	900	1400	1200	4500	1800	16500	t	f	9	850	\N
12	3100	750	1300	1150	3200	5100	8300	t	f	5	854	70
13	3100	750	1300	1150	3200	5100	8300	t	f	5	854	70
14	3100	750	1300	1150	3200	5100	8300	t	f	5	854	70
15	3100	750	1300	1150	3200	5100	8300	t	f	5	854	70
16	3100	750	1300	1150	3200	5100	8300	t	f	5	854	70
\.


--
-- Data for Name: camion_modificado; Type: TABLE DATA; Schema: public; Owner: -
--

COPY public.camion_modificado (id, fk_proyecto_modificado_id, marca_camion, modelo_camion, ano_camion, tipo_camion) FROM stdin;
2	2	Ford	Cargo 1723	2015	4x2
1	1	Ford	Cargo 1722	2015	4x2
3	4	Mercedes	Acceto	2022	4x2
4	5	Mercedes	Acceto	2022	4x2
\.


--
-- Data for Name: carroceria; Type: TABLE DATA; Schema: public; Owner: -
--

COPY public.carroceria (id, fk_id_pedido, tipo_carroceria, largo_carroceria, alto_carroceria, ancho_carroceria, equipo_frio_marca_modelo, observaciones, separacion_cabina_carroceria) FROM stdin;
1	1	Cerealera	6500	2400	2600		\N	150
2	2	Cerealera	6500	2400	2600		\N	150
3	3	Cerealera	6500	2400	2600		\N	150
4	4	Metálica	8000	2500	2500	\N	\N	200
5	5	Metálica	7000	2400	2500	\N	\N	200
6	6	Metálica	5000	2400	2200		\N	80
7	7	Metálica	6000	2480	2200		\N	80
8	8	Metálica	6000	2480	2200		\N	80
9	9	Metálica	6000	2480	2200		\N	80
10	10	Metálica	6000	2480	2200		\N	80
\.


--
-- Data for Name: carroceria_modificada; Type: TABLE DATA; Schema: public; Owner: -
--

COPY public.carroceria_modificada (id, fk_proyecto_modificado_id, tipo_carroceria, largo_carroceria, alto_carroceria, ancho_carroceria, separacion_cabina_carroceria, equipo_frio_marca_modelo) FROM stdin;
1	1	Cerealera	6500	2400	2600	150	
2	2	Cerealera	6500	2400	2600	150	
3	4	Metálica	6550	2600	2600	150	
4	5	Metálica	6000	2600	2600	150	
\.


--
-- Data for Name: cliente; Type: TABLE DATA; Schema: public; Owner: -
--

COPY public.cliente (cuit, razon_social) FROM stdin;
20334455667	Transportes El Audaz SA
20304050607	Cliente Test
30998877665	Transportes del Norte SRL
20123456789	Cliente de Prueba
30555666777	Transporte Verificado
\.


--
-- Data for Name: configuracion_modificada; Type: TABLE DATA; Schema: public; Owner: -
--

COPY public.configuracion_modificada (id, distancia_entre_ejes, distancia_primer_eje_espalda_cabina, voladizo_delantero, voladizo_trasero, peso_eje_delantero, peso_eje_trasero, pbt, fk_id_camion_modificado, ancho_chasis_1, ancho_chasis_2) FROM stdin;
2	3000	800	1400	1100	3600	2400	16000	2	850	\N
1	4000	800	1400	1100	3600	2400	16000	1	850	\N
3	5497	750	1400	1150	3500	2800	16500	3	854	\N
4	4800	750	1400	1150	3500	2800	16500	4	854	\N
\.


--
-- Data for Name: pedido; Type: TABLE DATA; Schema: public; Owner: -
--

COPY public.pedido (id, fk_id_camion, fk_cuit_cliente, estado, fecha_pedido, fecha_entrega, observaciones, fk_id_usuario) FROM stdin;
1	1	20334455667	Pendiente	2025-12-03	\N	\N	12345678
2	1	20334455667	Pendiente	2025-12-03	\N	\N	12345678
3	4	20334455667	Entregado	2025-12-03	2024-12-20	\N	12345678
4	8	20304050607	Pendiente	2026-05-01	\N	\N	99999999
5	9	20304050607	Pendiente	2026-05-01	\N	\N	99999999
6	5	30998877665	Pendiente	2026-05-01	\N	\N	12345611178
7	5	30998877665	En Producción	2026-05-01	2026-05-29	\N	12345611178
8	5	30555666777	Pendiente	2026-05-03	\N	\N	12345611178
9	5	20123456789	Pendiente	2026-05-03	\N	\N	12345611178
10	5	30555666777	Pendiente	2026-05-03	\N	\N	12345611178
\.


--
-- Data for Name: proyecto_modificado; Type: TABLE DATA; Schema: public; Owner: -
--

COPY public.proyecto_modificado (id, fk_cuit_cliente, cliente_razon_social, estado_proyecto, created_at, fecha_entrega, fk_id_usuario) FROM stdin;
2	20334455667	Transportes El Audaz SA	En Producción	2025-12-03 22:29:48.955105	2025-03-15	12345678
1	20334455667	Transportes El Audaz SA	Pendiente	2025-12-03 22:29:16.984132	\N	12345678
4	30998877665	Transportes del Norte SRL	Pendiente	2026-05-03 21:02:51.319606	\N	12345611178
5	20334455667	Transportes El Audaz SA	Pendiente	2026-05-03 21:26:00.395346	\N	12345611178
\.


--
-- Data for Name: tipo_accesorio; Type: TABLE DATA; Schema: public; Owner: -
--

COPY public.tipo_accesorio (id, nombre) FROM stdin;
1	cajon de herramientas adicional
2	portaestacas
3	cajon de herramientas tipo cocina
4	malacates
5	cajon portaestacas
6	proteccion lateral
7	bocas descarga
8	ventiletes
9	paragolpe
10	alarque arcos pasamanos
11	corte equipo frio
12	enganche
\.


--
-- Data for Name: users; Type: TABLE DATA; Schema: public; Owner: -
--

COPY public.users (dni, nombre, email, password_hash, created_at, updated_at, rol) FROM stdin;
12345678	Juan Perez	juan@example.com	$2b$10$4o9i9jzXaYBDGFjNp.Jk0.2mML848luAnzwaxR3NkDbJU3e7mg5PO	2025-10-06 20:46:38.237069	2025-10-06 20:46:38.237069	vendedor
12345611178	Usuario de Prueba	tester@lambert.com	$2b$10$z1a99v.Uc5P83y.NhRMbJeCvvRRIxgMqECOhu9ioPsb712YQGFWw2	2025-10-13 20:21:39.950468	2025-10-13 20:21:39.950468	admin
40159203	Esteban	veronesiesteban@gmail.com	$2b$10$vlhgGBy2qv3PbmFZKsoSKO1UHI/U8MXDx8bi6OAGG3iHLwtjA9fqS	2026-03-24 20:04:50.044782	2026-03-24 20:04:50.044782	vendedor
99999999	Test Admin	admin2@lambert.com	$2b$10$02LE6c0nn.VboRdsEMS.IOmjFhAP5BxNu4so7oywK3vvyvD0nFDsy	2026-05-01 15:50:26.764057	2026-05-01 15:50:26.764057	admin
\.


--
-- Name: accesorio_id_seq; Type: SEQUENCE SET; Schema: public; Owner: -
--

SELECT pg_catalog.setval('public.accesorio_id_seq', 1, false);


--
-- Name: calculos_id_seq; Type: SEQUENCE SET; Schema: public; Owner: -
--

SELECT pg_catalog.setval('public.calculos_id_seq', 10, true);


--
-- Name: calculos_modificado_id_seq; Type: SEQUENCE SET; Schema: public; Owner: -
--

SELECT pg_catalog.setval('public.calculos_modificado_id_seq', 4, true);


--
-- Name: camion_configuracion_id_seq; Type: SEQUENCE SET; Schema: public; Owner: -
--

SELECT pg_catalog.setval('public.camion_configuracion_id_seq', 16, true);


--
-- Name: camion_id_seq; Type: SEQUENCE SET; Schema: public; Owner: -
--

SELECT pg_catalog.setval('public.camion_id_seq', 9, true);


--
-- Name: camion_modificado_id_seq; Type: SEQUENCE SET; Schema: public; Owner: -
--

SELECT pg_catalog.setval('public.camion_modificado_id_seq', 4, true);


--
-- Name: carroceria_id_seq; Type: SEQUENCE SET; Schema: public; Owner: -
--

SELECT pg_catalog.setval('public.carroceria_id_seq', 10, true);


--
-- Name: carroceria_modificada_id_seq; Type: SEQUENCE SET; Schema: public; Owner: -
--

SELECT pg_catalog.setval('public.carroceria_modificada_id_seq', 4, true);


--
-- Name: configuracion_modificada_id_seq; Type: SEQUENCE SET; Schema: public; Owner: -
--

SELECT pg_catalog.setval('public.configuracion_modificada_id_seq', 4, true);


--
-- Name: pedido_id_seq; Type: SEQUENCE SET; Schema: public; Owner: -
--

SELECT pg_catalog.setval('public.pedido_id_seq', 10, true);


--
-- Name: proyecto_modificado_id_seq; Type: SEQUENCE SET; Schema: public; Owner: -
--

SELECT pg_catalog.setval('public.proyecto_modificado_id_seq', 5, true);


--
-- Name: tipo_accesorio_id_seq; Type: SEQUENCE SET; Schema: public; Owner: -
--

SELECT pg_catalog.setval('public.tipo_accesorio_id_seq', 12, true);


--
-- Name: accesorio accesorio_pkey; Type: CONSTRAINT; Schema: public; Owner: -
--

ALTER TABLE ONLY public.accesorio
    ADD CONSTRAINT accesorio_pkey PRIMARY KEY (id);


--
-- Name: calculos calculos_fk_id_pedido_key; Type: CONSTRAINT; Schema: public; Owner: -
--

ALTER TABLE ONLY public.calculos
    ADD CONSTRAINT calculos_fk_id_pedido_key UNIQUE (fk_id_pedido);


--
-- Name: calculos_modificado calculos_modificado_pkey; Type: CONSTRAINT; Schema: public; Owner: -
--

ALTER TABLE ONLY public.calculos_modificado
    ADD CONSTRAINT calculos_modificado_pkey PRIMARY KEY (id);


--
-- Name: calculos calculos_pkey; Type: CONSTRAINT; Schema: public; Owner: -
--

ALTER TABLE ONLY public.calculos
    ADD CONSTRAINT calculos_pkey PRIMARY KEY (id);


--
-- Name: camion_configuracion camion_configuracion_pkey; Type: CONSTRAINT; Schema: public; Owner: -
--

ALTER TABLE ONLY public.camion_configuracion
    ADD CONSTRAINT camion_configuracion_pkey PRIMARY KEY (id);


--
-- Name: camion_modificado camion_modificado_pkey; Type: CONSTRAINT; Schema: public; Owner: -
--

ALTER TABLE ONLY public.camion_modificado
    ADD CONSTRAINT camion_modificado_pkey PRIMARY KEY (id);


--
-- Name: camion camion_pkey; Type: CONSTRAINT; Schema: public; Owner: -
--

ALTER TABLE ONLY public.camion
    ADD CONSTRAINT camion_pkey PRIMARY KEY (id);


--
-- Name: carroceria carroceria_fk_id_pedido_key; Type: CONSTRAINT; Schema: public; Owner: -
--

ALTER TABLE ONLY public.carroceria
    ADD CONSTRAINT carroceria_fk_id_pedido_key UNIQUE (fk_id_pedido);


--
-- Name: carroceria_modificada carroceria_modificada_pkey; Type: CONSTRAINT; Schema: public; Owner: -
--

ALTER TABLE ONLY public.carroceria_modificada
    ADD CONSTRAINT carroceria_modificada_pkey PRIMARY KEY (id);


--
-- Name: carroceria carroceria_pkey; Type: CONSTRAINT; Schema: public; Owner: -
--

ALTER TABLE ONLY public.carroceria
    ADD CONSTRAINT carroceria_pkey PRIMARY KEY (id);


--
-- Name: cliente cliente_pkey; Type: CONSTRAINT; Schema: public; Owner: -
--

ALTER TABLE ONLY public.cliente
    ADD CONSTRAINT cliente_pkey PRIMARY KEY (cuit);


--
-- Name: configuracion_modificada configuracion_modificada_pkey; Type: CONSTRAINT; Schema: public; Owner: -
--

ALTER TABLE ONLY public.configuracion_modificada
    ADD CONSTRAINT configuracion_modificada_pkey PRIMARY KEY (id);


--
-- Name: pedido pedido_pkey; Type: CONSTRAINT; Schema: public; Owner: -
--

ALTER TABLE ONLY public.pedido
    ADD CONSTRAINT pedido_pkey PRIMARY KEY (id);


--
-- Name: proyecto_modificado proyecto_modificado_pkey; Type: CONSTRAINT; Schema: public; Owner: -
--

ALTER TABLE ONLY public.proyecto_modificado
    ADD CONSTRAINT proyecto_modificado_pkey PRIMARY KEY (id);


--
-- Name: tipo_accesorio tipo_accesorio_nombre_key; Type: CONSTRAINT; Schema: public; Owner: -
--

ALTER TABLE ONLY public.tipo_accesorio
    ADD CONSTRAINT tipo_accesorio_nombre_key UNIQUE (nombre);


--
-- Name: tipo_accesorio tipo_accesorio_pkey; Type: CONSTRAINT; Schema: public; Owner: -
--

ALTER TABLE ONLY public.tipo_accesorio
    ADD CONSTRAINT tipo_accesorio_pkey PRIMARY KEY (id);


--
-- Name: camion uq_camion_marca_modelo_ano; Type: CONSTRAINT; Schema: public; Owner: -
--

ALTER TABLE ONLY public.camion
    ADD CONSTRAINT uq_camion_marca_modelo_ano UNIQUE (marca_camion, modelo_camion, ano_camion);


--
-- Name: users users_email_key; Type: CONSTRAINT; Schema: public; Owner: -
--

ALTER TABLE ONLY public.users
    ADD CONSTRAINT users_email_key UNIQUE (email);


--
-- Name: users users_pkey; Type: CONSTRAINT; Schema: public; Owner: -
--

ALTER TABLE ONLY public.users
    ADD CONSTRAINT users_pkey PRIMARY KEY (dni);


--
-- Name: accesorio accesorio_fk_id_carroceria_fkey; Type: FK CONSTRAINT; Schema: public; Owner: -
--

ALTER TABLE ONLY public.accesorio
    ADD CONSTRAINT accesorio_fk_id_carroceria_fkey FOREIGN KEY (fk_id_carroceria) REFERENCES public.carroceria(id) ON DELETE CASCADE;


--
-- Name: accesorio accesorio_fk_id_tipo_accesorio_fkey; Type: FK CONSTRAINT; Schema: public; Owner: -
--

ALTER TABLE ONLY public.accesorio
    ADD CONSTRAINT accesorio_fk_id_tipo_accesorio_fkey FOREIGN KEY (fk_id_tipo_accesorio) REFERENCES public.tipo_accesorio(id);


--
-- Name: calculos calculos_fk_id_pedido_fkey; Type: FK CONSTRAINT; Schema: public; Owner: -
--

ALTER TABLE ONLY public.calculos
    ADD CONSTRAINT calculos_fk_id_pedido_fkey FOREIGN KEY (fk_id_pedido) REFERENCES public.pedido(id) ON DELETE CASCADE;


--
-- Name: calculos_modificado calculos_modificado_fk_proyecto_modificado_id_fkey; Type: FK CONSTRAINT; Schema: public; Owner: -
--

ALTER TABLE ONLY public.calculos_modificado
    ADD CONSTRAINT calculos_modificado_fk_proyecto_modificado_id_fkey FOREIGN KEY (fk_proyecto_modificado_id) REFERENCES public.proyecto_modificado(id) ON DELETE CASCADE;


--
-- Name: camion_modificado camion_modificado_fk_proyecto_modificado_id_fkey; Type: FK CONSTRAINT; Schema: public; Owner: -
--

ALTER TABLE ONLY public.camion_modificado
    ADD CONSTRAINT camion_modificado_fk_proyecto_modificado_id_fkey FOREIGN KEY (fk_proyecto_modificado_id) REFERENCES public.proyecto_modificado(id) ON DELETE CASCADE;


--
-- Name: carroceria carroceria_fk_id_pedido_fkey; Type: FK CONSTRAINT; Schema: public; Owner: -
--

ALTER TABLE ONLY public.carroceria
    ADD CONSTRAINT carroceria_fk_id_pedido_fkey FOREIGN KEY (fk_id_pedido) REFERENCES public.pedido(id) ON DELETE CASCADE;


--
-- Name: carroceria_modificada carroceria_modificada_fk_proyecto_modificado_id_fkey; Type: FK CONSTRAINT; Schema: public; Owner: -
--

ALTER TABLE ONLY public.carroceria_modificada
    ADD CONSTRAINT carroceria_modificada_fk_proyecto_modificado_id_fkey FOREIGN KEY (fk_proyecto_modificado_id) REFERENCES public.proyecto_modificado(id) ON DELETE CASCADE;


--
-- Name: camion_configuracion fk_config_camion; Type: FK CONSTRAINT; Schema: public; Owner: -
--

ALTER TABLE ONLY public.camion_configuracion
    ADD CONSTRAINT fk_config_camion FOREIGN KEY (fk_id_camion) REFERENCES public.camion(id);


--
-- Name: configuracion_modificada fk_config_modificada_camion; Type: FK CONSTRAINT; Schema: public; Owner: -
--

ALTER TABLE ONLY public.configuracion_modificada
    ADD CONSTRAINT fk_config_modificada_camion FOREIGN KEY (fk_id_camion_modificado) REFERENCES public.camion_modificado(id);


--
-- Name: pedido fk_pedido_users; Type: FK CONSTRAINT; Schema: public; Owner: -
--

ALTER TABLE ONLY public.pedido
    ADD CONSTRAINT fk_pedido_users FOREIGN KEY (fk_id_usuario) REFERENCES public.users(dni);


--
-- Name: proyecto_modificado fk_proyecto_mod_users; Type: FK CONSTRAINT; Schema: public; Owner: -
--

ALTER TABLE ONLY public.proyecto_modificado
    ADD CONSTRAINT fk_proyecto_mod_users FOREIGN KEY (fk_id_usuario) REFERENCES public.users(dni);


--
-- Name: pedido pedido_fk_cuit_cliente_fkey; Type: FK CONSTRAINT; Schema: public; Owner: -
--

ALTER TABLE ONLY public.pedido
    ADD CONSTRAINT pedido_fk_cuit_cliente_fkey FOREIGN KEY (fk_cuit_cliente) REFERENCES public.cliente(cuit) ON DELETE RESTRICT;


--
-- Name: pedido pedido_fk_id_camion_fkey; Type: FK CONSTRAINT; Schema: public; Owner: -
--

ALTER TABLE ONLY public.pedido
    ADD CONSTRAINT pedido_fk_id_camion_fkey FOREIGN KEY (fk_id_camion) REFERENCES public.camion(id) ON DELETE RESTRICT;


--
-- PostgreSQL database dump complete
--

